<?xml version="1.0" encoding="utf-8"?>
<!DOCTYPE hibernate-mapping PUBLIC 
 "-//Hibernate/Hibernate Mapping DTD//EN"
 "http://www.hibernate.org/dtd/hibernate-mapping-3.0.dtd"> 

<hibernate-mapping>
   <class name="mrs.database.CastMovie" table="actor_movies">
      <meta attribute="class-description">
         This class contains the employee detail.
      </meta>
      <id name="mid" column="movies_mid">
      </id>
      <property name="aid" column="actors_aid" type="int" />
      <property name="role" column="role" type="string"/>
      <property name="notes" column="notes" type="string"/>
      <property name="creditNo" column="credit_no" type="int"/>
   </class>
</hibernate-mapping>