<?xml version='1.0' encoding='utf-8'?>
<!DOCTYPE hibernate-configuration PUBLIC
"-//Hibernate/Hibernate Configuration DTD//EN"
"http://hibernate.sourceforge.net/hibernate-configuration-3.0.dtd">

<hibernate-configuration>
<session-factory>
<property name="hibernate.connection.driver_class">com.mysql.jdbc.Driver</property>
<property name="hibernate.connection.url">jdbc:mysql://moviedb.cdmw8xr04c9z.us-east-1.rds.amazonaws.com:3306/movieDB</property>
<property name="hibernate.connection.username">vishnu</property>
<property name="hibernate.connection.password">root1234</property>
<property name="hibernate.connection.pool_size">10</property>
<property name="show_sql">true</property>
<property name="dialect">org.hibernate.dialect.MySQL5InnoDBDialect</property>
<property name="hibernate.current_session_context_class">thread</property>

 <mapping resource="UpcomingMovies.hbm.xml"/>
 <mapping resource="NowPlayingMovies.hbm.xml"/>
 <mapping resource="Movies.hbm.xml"/>
 <mapping resource="CastMovie.hbm.xml"/>
 <mapping resource="MovieGenre.hbm.xml"/>
 <mapping resource="MovieLanguage.hbm.xml"/>
 

</session-factory>
</hibernate-configuration>