<?xml version="1.0" encoding="utf-8"?>
<!DOCTYPE hibernate-mapping PUBLIC 
 "-//Hibernate/Hibernate Mapping DTD//EN"
 "http://www.hibernate.org/dtd/hibernate-mapping-3.0.dtd"> 

<hibernate-mapping>
   <class name="mrs.database.MovieGenre" table="genre_movies">
      <meta attribute="class-description">
         This class contains the employee detail.
      </meta>
      <!--   <id name="id" column="id">
      <generator class="increment"/>
      </id> -->
      
      <id name="mid" column="movies_mid">
      </id>
      
      <!-- <property name="mid" column="mid" type="int" />  -->
      <property name="gid" column="genres_gid" type="int" />
   </class>
</hibernate-mapping>