{"adult":false,"backdrop_path":null,"belongs_to_collection":null,"budget":0,"genres":[{"id":99,"name":"Documentary"}],"homepage":"http://inflation.us/videos.html","id":38591,"imdb_id":null,"original_title":"Meltup: The Beginning Of US Currency Crisis And Hyperinflation","overview":"The National Inflation Association believes Meltup is the most important economic documentary ever produced in world history. The Second American Revolution has begun! Please share this documentary with all of your friends and family members immediately!","popularity":0.03,"poster_path":"/8oeOd1GxGRS5F6v8JetiBlJXZN6.jpg","production_companies":[],"production_countries":[{"iso_3166_1":"US","name":"United States of America"}],"release_date":"2010-05-13","revenue":0,"runtime":55,"spoken_languages":[{"iso_639_1":"en","name":"English"}],"status":"Released","tagline":"","title":"Meltup: The Beginning Of US Currency Crisis And Hyperinflation","vote_average":8.0,"vote_count":1}