{"page":1,"results":[{"backdrop_path":"/cWHOiGw3JxKok3BdqFlxSmLKZ1O.jpg","id":77875,"original_title":"Playing for Keeps","release_date":"2012-12-07","poster_path":"/qsgoilpPNJjj16zj8HfLGOERdXq.jpg","title":"Playing for Keeps","vote_average":0.0,"vote_count":0},{"backdrop_path":"/uWL3JNlKQ5uFR3vaUBG7ej3bhWx.jpg","id":138372,"original_title":"Bad Kids Go to Hell","release_date":"2012-12-07","poster_path":"/4VuIkeudKlaPg62nK8xsuYmrZk9.jpg","title":"Bad Kids Go to Hell","vote_average":0.0,"vote_count":0},{"backdrop_path":null,"id":110272,"original_title":"Cheerful Weather for the Wedding","release_date":"2012-12-07","poster_path":"/AkGMfspqInzZaFgQF7S9aAiShMf.jpg","title":"Cheerful Weather for the Wedding","vote_average":0.0,"vote_count":0},{"backdrop_path":"/4T8mZKDNczwVMacKMTlfT1aPJqD.jpg","id":97614,"original_title":"Deadfall","release_date":"2012-12-07","poster_path":"/2Q9xyrHVT3TF2polRXhSEidL7fq.jpg","title":"Deadfall","vote_average":0.0,"vote_count":0},{"backdrop_path":null,"id":51485,"original_title":"Delhi Safari","release_date":"2012-12-07","poster_path":"/deRDkpsiEG1Wfa5Kb8UipdkqqgX.jpg","title":"Delhi Safari","vote_average":0.0,"vote_count":0},{"backdrop_path":null,"id":127916,"original_title":"The Fitzgerald Family Christmas","release_date":"2012-12-07","poster_path":"/kc8DtPuSwJa6HPfULjy9VW0SiFZ.jpg","title":"The Fitzgerald Family Christmas","vote_average":0.0,"vote_count":0},{"backdrop_path":"/eULKPEqqU34TGmgcyCh6CwPUDrq.jpg","id":87504,"original_title":"Hyde Park on Hudson","release_date":"2012-12-07","poster_path":"/3VMjNTf70enagwzLkK2Lw0Gh5B8.jpg","title":"Hyde Park on Hudson","vote_average":0.0,"vote_count":0},{"backdrop_path":null,"id":96246,"original_title":"In Our Nature","release_date":"2012-12-07","poster_path":"/kDJhZNapWmP59Dj1j22kVyAiG5u.jpg","title":"In Our Nature","vote_average":0.0,"vote_count":0},{"backdrop_path":"/2Ag23rl87hgDMPWCEAPjkMZZICq.jpg","id":84305,"original_title":"Lay The Favorite","release_date":"2012-12-07","poster_path":"/60NhtEe1dJCtxCIcUIu7J8Cgt9y.jpg","title":"Lay The Favorite","vote_average":5.5,"vote_count":1},{"backdrop_path":null,"id":106344,"original_title":"Waiting for Lightning","release_date":"2012-12-07","poster_path":"/ztopHAETmeHbu58hmmbCpfrHvtU.jpg","title":"Waiting for Lightning","vote_average":0.0,"vote_count":0},{"backdrop_path":"/dtNl0N70ggRFExr1UkSPXHI5Ejc.jpg","id":50620,"original_title":"The Twilight Saga: Breaking Dawn - Part 2","release_date":"2012-11-16","poster_path":"/y87k9z5AbNhL8Q1SsPnXPIVy6n.jpg","title":"The Twilight Saga: Breaking Dawn - Part 2","vote_average":6.1,"vote_count":4},{"backdrop_path":"/6bjRujKSnCVSrzC1qjmqfAyaiET.jpg","id":37724,"original_title":"Skyfall","release_date":"2012-11-09","poster_path":"/eqWLvQQXHhkLr4pxBEthR8xLFej.jpg","title":"Skyfall","vote_average":7.5,"vote_count":25},{"backdrop_path":"/ann5zw9xcilyeMAV64p3jrUkzAW.jpg","id":60747,"original_title":"Red Dawn","release_date":"2012-11-21","poster_path":"/15Kt04jtYUk7Ve4X8mOZB2J36pT.jpg","title":"Red Dawn","vote_average":6.8,"vote_count":2},{"backdrop_path":"/rPuBAlz8CACWwdGEDpI2eTjKswk.jpg","id":81188,"original_title":"Rise of the Guardians","release_date":"2012-11-21","poster_path":"/27G1yrOORSPbSfYfXDmuHUl5P6j.jpg","title":"Rise of the Guardians","vote_average":8.8,"vote_count":2},{"backdrop_path":"/kEhDcGgTaH6Et8ntJZczzyrleVE.jpg","id":64689,"original_title":"Killing Them Softly","release_date":"2012-11-30","poster_path":"/awr9pQcTWIHt8Sp00WR4a4CUcOV.jpg","title":"Killing Them Softly","vote_average":6.0,"vote_count":1},{"backdrop_path":"/haOTy0A9tMaoEEWdoaGavBnPQfY.jpg","id":72976,"original_title":"Lincoln","release_date":"2012-11-09","poster_path":"/9qfOObW8uiMtIf4F8jKDYgHllKF.jpg","title":"Lincoln","vote_average":7.2,"vote_count":6},{"backdrop_path":"/vVsEERnPEp4snoQ3GrbAOeGHP2l.jpg","id":82690,"original_title":"Wreck-It Ralph","release_date":"2012-11-02","poster_path":"/hjnyAN0e40CihHL2fXg866j9kxd.jpg","title":"Wreck-It Ralph","vote_average":8.2,"vote_count":9},{"backdrop_path":"/g76VgCSLZCKIqnldFBvqrKdAzzT.jpg","id":87827,"original_title":"Life of Pi","release_date":"2012-11-21","poster_path":"/jUL1qKg5FPqdPkNTGlLOhsFnCou.jpg","title":"Life of Pi","vote_average":5.5,"vote_count":4},{"backdrop_path":"/klZNk8ydcHJZlSudr0hTdrPcdeY.jpg","id":87502,"original_title":"Flight","release_date":"2012-11-02","poster_path":"/oEix2Jpl0PDFQpC7HwtKtyeN6t1.jpg","title":"Flight","vote_average":7.3,"vote_count":5},{"backdrop_path":"/fIDateZVqFwOLBnIvjO4M7BSuzF.jpg","id":134597,"original_title":"The Collection","release_date":"2012-11-30","poster_path":"/gyLUMEV1gsMvsuiwTOqmPSiYpLg.jpg","title":"The Collection","vote_average":8.3,"vote_count":2}],"total_pages":3,"total_results":58}