{"page":1,"results":[{"backdrop_path":"/6bjRujKSnCVSrzC1qjmqfAyaiET.jpg","id":37724,"original_title":"Skyfall","release_date":"2012-11-09","poster_path":"/eqWLvQQXHhkLr4pxBEthR8xLFej.jpg","title":"Skyfall","vote_average":0.0,"vote_count":0},{"backdrop_path":"/77BMoGHfSgm2GGfRgi5UJ9GKg7z.jpg","id":52001,"original_title":"Citadel","release_date":"2012-11-09","poster_path":"/dkobtXalalzcK6AA1n1pFwbLPBl.jpg","title":"Citadel","vote_average":0.0,"vote_count":0},{"backdrop_path":null,"id":84187,"original_title":"The Comedy","release_date":"2012-11-09","poster_path":"/sWGp6MsVWe6JinjLUfriGWo90BN.jpg","title":"The Comedy","vote_average":0.0,"vote_count":0},{"backdrop_path":null,"id":121602,"original_title":"Dangerous Liaisons","release_date":"2012-11-09","poster_path":"/imFYmt3VZ8CzQTx14Pw6a5L8Hvr.jpg","title":"Dangerous Liaisons","vote_average":0.0,"vote_count":0},{"backdrop_path":null,"id":117978,"original_title":"In Their Skin","release_date":"2012-04-21","poster_path":"/ifMmDqRuZZVQN9KZqy86bOwezJe.jpg","title":"In Their Skin","vote_average":0.0,"vote_count":0},{"backdrop_path":"/oC0TqFtruZoQLyZJHgkdHlQ4X4e.jpg","id":135708,"original_title":"Nature Calls","release_date":"2012-11-09","poster_path":"/6BN8TEPw5P03mTHVwOyHhzMPWoX.jpg","title":"Nature Calls","vote_average":0.0,"vote_count":0},{"backdrop_path":"/qUMDvACSfDEhqwLa3ZnHlbLOim1.jpg","id":88273,"original_title":"En Kongelig Affære","release_date":"2012-11-09","poster_path":"/fsp7WkPkpyEuArGCFw8m3maco6D.jpg","title":"A Royal Affair","vote_average":8.0,"vote_count":1},{"backdrop_path":null,"id":91679,"original_title":"Starlet","release_date":"2012-11-09","poster_path":"/ujRxAW96AVWnwH3vDYvW1ha3Hb6.jpg","title":"Starlet","vote_average":0.0,"vote_count":0},{"backdrop_path":"/gYa9x0FTQfLCQcV64BfpNySG67b.jpg","id":132316,"original_title":"Jab Tak Hai Jaan","release_date":"2012-11-13","poster_path":"/aCp1aziuLcNUqsLBCEhWvhuvO2g.jpg","title":"A Yash Chopra Romance","vote_average":0.0,"vote_count":0},{"backdrop_path":null,"id":127862,"original_title":"Blackbird","release_date":"2012-11-16","poster_path":"/yCMxlZp8gq77rvXTWC6Qm2XTXKb.jpg","title":"Blackbird","vote_average":0.0,"vote_count":0},{"backdrop_path":"/8Yfce48hRR5iwksmIcoRQevX6Ly.jpg","id":85033,"original_title":"Cafe de Flore","release_date":"2012-11-16","poster_path":"/lFgOgEGpfWZ4hctz5iLL4cbYS7g.jpg","title":"Cafe de Flore","vote_average":6.0,"vote_count":1},{"backdrop_path":null,"id":96087,"original_title":"Funeral Kings","release_date":"2012-11-16","poster_path":"/aoExxahwFPdReRwyazJZQDPswcO.jpg","title":"Funeral Kings","vote_average":0.0,"vote_count":0},{"backdrop_path":"/i5a5ntB9zZs42D0hNV4IS36XJK.jpg","id":72976,"original_title":"Lincoln","release_date":"2012-11-09","poster_path":"/9qfOObW8uiMtIf4F8jKDYgHllKF.jpg","title":"Lincoln","vote_average":0.0,"vote_count":0},{"backdrop_path":null,"id":84323,"original_title":"Price Check","release_date":"2012-11-16","poster_path":"/aGe6rZZ7yRMewuG7MSlZyCjafku.jpg","title":"Price Check","vote_average":0.0,"vote_count":0},{"backdrop_path":"/zoGPsqUeTozhI9vR1g25RyMq5lI.jpg","id":50620,"original_title":"The Twilight Saga: Breaking Dawn - Part 2","release_date":"2012-11-16","poster_path":"/2f6UBDg2TudMSbfkTv6mdKG6sb7.jpg","title":"The Twilight Saga: Breaking Dawn - Part 2","vote_average":0.0,"vote_count":0},{"backdrop_path":"/kl05CJ2XdXomFRI2QlKIM2F2sRW.jpg","id":96724,"original_title":"Anna Karenina","release_date":"2012-11-09","poster_path":"/1zG5AFLIsSzeruPFuDC39IIT9BG.jpg","title":"Anna Karenina","vote_average":0.0,"vote_count":0},{"backdrop_path":"/r0kGopuKM6CFGYRuNysJKmrBEXU.jpg","id":87827,"original_title":"Life of Pi","release_date":"2012-12-21","poster_path":"/jUL1qKg5FPqdPkNTGlLOhsFnCou.jpg","title":"Life of Pi","vote_average":0.0,"vote_count":0},{"backdrop_path":"/kAgJFCVDv9y6SN2hN5q963Fw4WL.jpg","id":60747,"original_title":"Red Dawn","release_date":"2012-11-21","poster_path":"/15Kt04jtYUk7Ve4X8mOZB2J36pT.jpg","title":"Red Dawn","vote_average":0.0,"vote_count":0},{"backdrop_path":"/gWzUI3D6DPgpW9SBVa534FipZ7P.jpg","id":81188,"original_title":"Rise of the Guardians","release_date":"2012-11-21","poster_path":"/27G1yrOORSPbSfYfXDmuHUl5P6j.jpg","title":"Rise of the Guardians","vote_average":0.0,"vote_count":0},{"backdrop_path":"/3iXTBbcvg9yHraqDJVFEKBxfkMP.jpg","id":82693,"original_title":"Silver Linings Playbook","release_date":"2012-11-21","poster_path":"/b2bTsShJJEQfCdlEu4BlGLdTx5K.jpg","title":"Silver Linings Playbook","vote_average":0.0,"vote_count":0}],"total_pages":5,"total_results":100}