{"page":1,"results":[{"backdrop_path":"/s2a45Wrn4doiLlFCNRpMWZWZqKk.jpg","id":13174,"original_title":"America: Freedom to Fascism","release_date":"2006-01-01","poster_path":"/mB4Aqr75vw3OsZlncd44zBBGI8q.jpg","title":"America: Freedom to Fascism","vote_average":9.0,"vote_count":3},{"backdrop_path":null,"id":38591,"original_title":"Meltup: The Beginning Of US Currency Crisis And Hyperinflation","release_date":"2010-05-13","poster_path":"/8oeOd1GxGRS5F6v8JetiBlJXZN6.jpg","title":"Meltup: The Beginning Of US Currency Crisis And Hyperinflation","vote_average":8.0,"vote_count":1},{"backdrop_path":null,"id":32217,"original_title":"Oh Canada! Our Bought and Sold Out Land","release_date":"2009-01-01","poster_path":"/66IgFYeiGTo7YDIAVx1VT5uvh5k.jpg","title":"Oh Canada! Our Bought and Sold Out Land","vote_average":0.0,"vote_count":0},{"backdrop_path":null,"id":38592,"original_title":"The Freedom Movie 2: A Spiritual Awakening","release_date":"2010-02-08","poster_path":"/w0zsBDdylD1azulnQzLvDwQDkl5.jpg","title":"The Freedom Movie 2: A Spiritual Awakening","vote_average":8.3,"vote_count":2},{"backdrop_path":"/t0pa3CzdzKxHSxdFXGvNaQ2SWNi.jpg","id":74636,"original_title":"The 911 Chronicles - Truth Rising","release_date":"2008-01-01","poster_path":"/e66sYeCE37G7sgcMZaTBOPEw61K.jpg","title":"The 911 Chronicles - Truth Rising","vote_average":0.0,"vote_count":0},{"backdrop_path":null,"id":71155,"original_title":"College Conspiracy","release_date":"2011-05-14","poster_path":"/smjhkJlQsmQXT7xb5dqUwRFevBr.jpg","title":"College Conspiracy","vote_average":8.5,"vote_count":2},{"backdrop_path":null,"id":23193,"original_title":"In Lies We Trust: The CIA, Hollywood, and Bioterrorism","release_date":"2007-01-01","poster_path":"/8LhKZ8qwUCoGkrd3bcGOKR2TgL3.jpg","title":"In Lies We Trust: The CIA, Hollywood, and Bioterrorism","vote_average":8.0,"vote_count":1},{"backdrop_path":"/afyfIRjgVE9XZ07tBIHxgnUUVBi.jpg","id":62381,"original_title":"Human resources: Social engineering in the 20th century","release_date":"2010-12-01","poster_path":"/6D24HP8z1w4C0UuulEryHH70QZm.jpg","title":"Human resources: Social engineering in the 20th century","vote_average":0.0,"vote_count":0},{"backdrop_path":"/yCvIxUz8aokGCHkFMLaj6GMFeKm.jpg","id":36716,"original_title":"Reflections And Warnings: An Interview With Aaron Russo","release_date":"2007-12-12","poster_path":"/7jB8HjT1zti855UlFuVYHS6xJrI.jpg","title":"Reflections And Warnings: An Interview With Aaron Russo","vote_average":7.5,"vote_count":1},{"backdrop_path":null,"id":110827,"original_title":"Earth Made of Glass","release_date":"2011-04-06","poster_path":null,"title":"Earth Made of Glass","vote_average":0.0,"vote_count":0},{"backdrop_path":null,"id":84284,"original_title":"The House I Live In","release_date":"2012-10-05","poster_path":"/c7eFVXTU34xHnl261KAPJtiK1px.jpg","title":"The House I Live In","vote_average":0.0,"vote_count":0},{"backdrop_path":null,"id":697,"original_title":"Oktyabr","release_date":"1928-03-14","poster_path":"/4GMKWVdMTmu3uQBNy23M62auXXq.jpg","title":"October","vote_average":6.5,"vote_count":2},{"backdrop_path":"/qFHY7t4G77Ta8cMmrCiP4YIR0S1.jpg","id":26750,"original_title":"Fall of the Republic: The Presidency of Barack H. Obama","release_date":"2009-10-21","poster_path":"/nots9RJonbWJ050PHaydQ4VVqPO.jpg","title":"Fall of the Republic: The Presidency of Barack H. Obama","vote_average":10.0,"vote_count":1},{"backdrop_path":"/fJ3Rq5SXqfbQAMdu5jiIA8diTqL.jpg","id":90507,"original_title":"At Folsom Prison with Dr. Timothy Leary","release_date":"1973-01-01","poster_path":"/yDIiEgaCmxQ9PCPPoWlF5OFOnnv.jpg","title":"At Folsom Prison with Dr. Timothy Leary","vote_average":10.0,"vote_count":1},{"backdrop_path":"/zZKvw3y7RwPKAQWjhW3rzDpD2J0.jpg","id":30766,"original_title":"The Fall Of Fujimori","release_date":"2006-05-05","poster_path":"/fOlbAqMcQZupB98Rmj9gig5vHdV.jpg","title":"The Fall Of Fujimori","vote_average":8.0,"vote_count":1},{"backdrop_path":"/3q8VVlJm1nJfJLoLELurC9O9DnJ.jpg","id":71513,"original_title":"911 and the British Broadcasting Conspiracy","release_date":"2007-06-25","poster_path":"/aW23nqdutrs09EcrGFRmeMGBxrI.jpg","title":"911 and the British Broadcasting Conspiracy","vote_average":7.5,"vote_count":1},{"backdrop_path":"/bazgZ0QN0nlnslkNuahz9i6xxTQ.jpg","id":78852,"original_title":"1984","release_date":"1954-12-12","poster_path":"/cr8JL4Pb1VJgNPZQB80LwkHnKA4.jpg","title":"Nineteen Eighty-Four","vote_average":0.0,"vote_count":0},{"backdrop_path":"/AdK7OzQ1BM5oDWPKwxyREslzfM6.jpg","id":29720,"original_title":"Democracy Is ...","release_date":"2009-01-31","poster_path":"/2uB0AUdsT0R9hcqmFKmZUQ0upcg.jpg","title":"Democracy Is ...","vote_average":5.0,"vote_count":2},{"backdrop_path":"/bD7pvPbSfww3luPXaGXpIJsBye3.jpg","id":127810,"original_title":"Dead to the World","release_date":"1961-01-01","poster_path":"/c6vceTss7DBLpIMUfFHMuHDYvEG.jpg","title":"Dead to the World","vote_average":0.0,"vote_count":0},{"backdrop_path":"/dFOC8NGMkKPZr9ic2hMo1nJOuzZ.jpg","id":77948,"original_title":"The Cold Light of Day","release_date":"2012-09-07","poster_path":"/zXhphNKS56VQbVJXqk3OMrjtNNc.jpg","title":"The Cold Light of Day","vote_average":7.8,"vote_count":4}],"total_pages":5,"total_results":100}