{"page":1,"results":[{"backdrop_path":null,"id":105526,"original_title":"Any Day Now","release_date":"2012-12-14","poster_path":"/6LHjSoufS8ebFGlziAcTbj7kBC7.jpg","title":"Any Day Now","vote_average":0.0,"vote_count":0},{"backdrop_path":"/ebYrYmrKYmZ9A78BSwut0jtvli2.jpg","id":49051,"original_title":"The Hobbit: An Unexpected Journey","release_date":"2012-12-14","poster_path":"/wDIdtAj1GnboA8pFf9SxkjV2AS.jpg","title":"The Hobbit: An Unexpected Journey","vote_average":0.0,"vote_count":0},{"backdrop_path":null,"id":129656,"original_title":"Let's Make a Movie","release_date":"2012-12-14","poster_path":"/g4hF9xgO5cr2YxsWzjcWOCmSxRM.jpg","title":"Let's Make a Movie","vote_average":0.0,"vote_count":0},{"backdrop_path":null,"id":84333,"original_title":"Save the Date","release_date":"2012-12-14","poster_path":"/qW2miVo3wV39cDF8ZVSa9tNFX8X.jpg","title":"Save the Date","vote_average":0.0,"vote_count":0},{"backdrop_path":"/y4g6tlJCQZaHvzSbLfS8mJuFPxO.jpg","id":108476,"original_title":"Trashed","release_date":"2012-12-14","poster_path":"/3O5QZMf0xHmBWTaJ9yvXiEnE4xF.jpg","title":"Trashed","vote_average":0.0,"vote_count":0},{"backdrop_path":"/laDq2WbQZD4Dtd87EfDzy0KF6MS.jpg","id":86837,"original_title":"Amour","release_date":"2012-10-24","poster_path":"/4yiPfjOveY1heZOyTtAVCdVrHUE.jpg","title":"Amour","vote_average":0.0,"vote_count":0},{"backdrop_path":null,"id":82687,"original_title":"The Guilt Trip","release_date":"2012-12-19","poster_path":"/73coModO99CJjwyYJNFEPUNMgDa.jpg","title":"The Guilt Trip","vote_average":0.0,"vote_count":0},{"backdrop_path":null,"id":94352,"original_title":"Cirque du Soleil: Worlds Away","release_date":"2012-12-21","poster_path":"/5ymGTSymBv1jngyH6b36G5ti13t.jpg","title":"Cirque du Soleil: Worlds Away","vote_average":0.0,"vote_count":0},{"backdrop_path":null,"id":147405,"original_title":"Dabangg 2","release_date":"2012-12-21","poster_path":"/4lQslSGvRtJF9qCnp4ALgRpH2ya.jpg","title":"Dabangg 2","vote_average":0.0,"vote_count":0},{"backdrop_path":"/f6g4Jo8JIYm0u1nuIEfnjLdNuhP.jpg","id":80278,"original_title":"The Impossible","release_date":"2012-12-21","poster_path":"/s2fKqwIHPmZZOSZZdoHWfeXfl3o.jpg","title":"The Impossible","vote_average":0.0,"vote_count":0},{"backdrop_path":"/ezXodpP429qK0Av89pVNlaXWJkQ.jpg","id":75780,"original_title":"Jack Reacher","release_date":"2012-12-21","poster_path":"/cev4hqeI1V00hfbGrCUuJBPlmeY.jpg","title":"Jack Reacher","vote_average":0.0,"vote_count":0},{"backdrop_path":null,"id":128270,"original_title":"Not Fade Away","release_date":"2012-12-21","poster_path":"/17PZ27erBhiRojDwfdkx4HrT4IF.jpg","title":"Not Fade Away","vote_average":0.0,"vote_count":0},{"backdrop_path":"/zwkoNzK1YuEUyZDzCJlFfs6Q29I.jpg","id":83770,"original_title":"On the Road","release_date":"2012-12-21","poster_path":"/uORuwLgdDFkA4BuU9b9nuhTkuy.jpg","title":"On the Road","vote_average":7.0,"vote_count":1},{"backdrop_path":"/c9I8duZOguRD1r929vFw7i2MUFi.jpg","id":89492,"original_title":"This Is 40","release_date":"2012-12-21","poster_path":"/A7ecPTauBYsceLMBmYOfYtVlnsR.jpg","title":"This Is 40","vote_average":0.0,"vote_count":0},{"backdrop_path":"/lnuszqMzpGTHsL1LiICd3ezuFnP.jpg","id":68718,"original_title":"Django Unchained","release_date":"2012-12-25","poster_path":"/s2PMnF0KgKlGsxDC1Rh55GH98Zv.jpg","title":"Django Unchained","vote_average":0.0,"vote_count":0},{"backdrop_path":null,"id":88042,"original_title":"Parental Guidance","release_date":"2012-12-25","poster_path":"/5gIRJOOwTQpKyRASIBtrDwQqMuF.jpg","title":"Parental Guidance","vote_average":0.0,"vote_count":0},{"backdrop_path":null,"id":84351,"original_title":"West of Memphis","release_date":"2012-12-25","poster_path":"/3i7kb7W8e9RirLfR5QfIfyx0uHT.jpg","title":"West of Memphis","vote_average":0.0,"vote_count":0},{"backdrop_path":"/aQxi2OyQN6oy7Ls6aIIf6tzcszO.jpg","id":82695,"original_title":"Les Misérables","release_date":"2012-12-25","poster_path":"/lepWkxTGPPjIBbvLRmSZPpO7rd7.jpg","title":"Les Misérables","vote_average":0.0,"vote_count":0},{"backdrop_path":null,"id":136793,"original_title":"Dino Time","release_date":"2012-12-07","poster_path":"/m4xjhhHZCrPPJVV2pY6Vm3PAwXw.jpg","title":"Dino Time","vote_average":0.0,"vote_count":0},{"backdrop_path":"/6xBLoiBUSXkldztHaBQVTm4fVRy.jpg","id":138376,"original_title":"A Dark Truth","release_date":"2013-01-04","poster_path":"/2M0lOCdkiEyXzt53xpRfAGhezu3.jpg","title":"A Dark Truth","vote_average":0.0,"vote_count":0}],"total_pages":5,"total_results":100}